1999,Dreaming of Joseph Lees,92,Drama,R,6.4,Eric Styles,Samantha Morton,Rupert Graves,Miriam Margolyes
1999,Molly,102,Comedy,PG-13,5.8,John Duigan,Elaine Hendrix,Jill Hennessy,Sarah Wynter
1999,Just Looking,97,Comedy,R,6.7,Jason Alexander,Gretchen Mol,Patti LuPone,Peter Onorati
1999,Breakfast of Champions,110,Comedy,R,4.6,Alan Rudolph,Bruce Willis,Albert Finney,Omar Epps
1999,Smiling Fish & Goat on Fire,90,Comedy,R,7.6,Kevin Jordan,Derick Martini,Christa Miller,Ion Overman
1999,The Loss of Sexual Innocence,106,Drama,R,5.4,Mike Figgis,Kelly Macdonald,Saffron Burrows,Julian Sands
1999,The Basket,105,Drama,PG,6.5,Rich Cowan,Eric Dane,Karen Allen,Peter Coyote
1999,Ride with the Devil,148,Drama,R,6.8,Ang Lee,Jeremy W. Auman,Jeffrey Dover,Tobey Maguire
1999,Twin Falls Idaho,111,Drama,R,7.3,Michael Polish,Sasha Alexander,William Katt,Jon Gries
1999,Tumbleweeds,102,Comedy,PG-13,6.7,Gavin O'Connor,Kimberly J. Brown,Janet McTeer,Lois Smith
1999,Jesus' Son,107,Drama,R,7,Alison Maclean,Billy Crudup,Samantha Morton,Mark Webber
1999,"Happy, Texas",98,Comedy,PG-13,6.3,Mark Illsley,Ally Walker,Illeana Douglas,Jeremy Northam
1999,Crazy in Alabama,111,Komedy,PG-13,6.3,Antonio Banderas,Meat Loaf,,Noah Emmerich
1999,Limbo,126,Adventure,R,7.1,John Sayles,Mary Elizabeth Mastrantonio,Casey Siemaszko,Vanessa Martinez
1999,Beyond the Mat,108,Biography,R,7.6,Barry W. Blaustein,Terry Funk,Vince McMahon,Mick Foley
l999,A Dog of Flanders,,,PG,6.3,Kevin Brodie,Bruce McGill,Cheryl Ladd,Jack Warden
1999,But I'm a Cheerleader,85,Comedy,R,6.6,Jamie Babbit,Natasha Lyonne,Clea DuVall,Eddie Cibrian
1999,Love Stinks,94,Comedy,R,5.8,Jeff Franklin,Ivana Milicevic,Tyra Banks,Bridgette Wilson-Sampras
1999,Cradle Will Rock,132,Drama,R,6.9,Tim Robbins,Bill Murray,Vanessa Redgrave,Emily Watson
1999,Jawbreaker,87,Comedy,R,5.4,Darren Stein,Julie Benz,Judy Greer,Jeff Conaway
1999,The Limey,89,Crime,R,7.1,Steven Soderbergh,Peter Fonda,Lesley Ann Warren,William Lucking
1999,Idle Hands,92,Comedy,R,6.2,Rodman Flender,Vivica A. Fox,Fred Willard,Elden Henson
1999,Detroit Rock City,95,Comedy,R,6.8,Adam Rifkin,Natasha Lyonne,Lin Shaye,Shannon Tweed
1999,Flawless,112,Comedy,R,6.4,Joel Schumacher,Robert De Niro,Philip Seymour Hoffman,Chris Bauer
1999,Mumford,112,Comedy,R,6.9,Lawrence Kasdan,Zooey Deschanel,Alfre Woodard,Mary McDonnell
1999,Held Up,89,Comedy,PG-13,5.1,Steve Rash,Barry Corbin,Nia Long,Jake Busey
1999,A Walk on the Moon,107,Drama,R,6.6,Tony Goldwyn,Viggo Mortensen,Julie Kavner,Tovah Feldshuh
1999,The Virgin Suicides,90,Drama,R,7.2,Sofia Coppola,Kirsten Dunst,Kathleen Turner,Scott Glenn
1999,Light It Up,99,Drama,R,6,Craig Bolotin,Rosario Dawson,Vanessa Williams,Robert Ri'chard
2999,Foolish,384,Comedy,R,4.3,Dave Meyers,,Clifton Powell,Marla Gibbs
1999,200 Cigarettes,101,Comedy,R,5.9,Risa Bramon Garcia,Janeane Garofalo,Dave Chappelle,Gaby Hoffmann
1999,Outside Providence,96,Comedy,R,6.4,Michael Corrente,Jonathan Brandis,George Wendt,Shawn Hatosy
1999,Pushing Tin,124,Comedy,R,6,Mike Newell,Angelina Jolie Pitt,Kurt Fuller,Jake Weber
1999,Play It to the Bone,124,Comedy,R,5.4,Ron Shelton,Willie Garson,Robert Wagner,Lolita Davidovich
1999,Dudley Do-Right,77,Comedy,PG,3.8,Hugh Wilson,Brendan Fraser,Alex Rocco,Eric Idle
1999,Brokedown Palace,100,Drama,PG-13,6.4,Jonathan Kaplan,John Doe,Tom Amandes,Daniel Lapaine
1999,Bats,91,Horror,PG-13,3.6,Louis Morneau,Leon,Bob Gunton,Ned Bellamy
1999,Universal Soldier: The Return,83,Action,R,4.1,Mic Rodgers,Michael Jai White,Daniel von Bargen,Xander Berkeley
1999,The Astronaut's Wife,109,Drama,R,5.3,Rand Ravich,Johnny Depp,Charlize Theron,Clea DuVall
1999,The Astronaut's Wife,109,Drama,R,5.3,Rand Ravich,Johnny Depp,Charlize Theron,Clea DuVall
1999,Office Space,89,Comedy,R,7.8,Mike Judge,Gary Cole,Stephen Root,Diedrich Bader
1999,Chill Factor,102,Action,R,5.2,Hugh Johnson,David Paymer,Kevin J. O'Connor,Hudson Leick
1999,Boys Don't Cry,118,Biography,R,7.6,Kimberly Peirce,Alicia Goranson,Brendan Sexton III,Jeannetta Arnette
1999,Wing Commander,100,Action,PG-13,4.1,Chris Roberts,Saffron Burrows,David Suchet,Ja�rgen Prochnow
1999,The Muse,97,Comedy,PG-13,5.6,Albert Brooks,Jeff Bridges,Bradley Whitford,Albert Brooks
1999,The Adventures of Elmo in Grouchland,73,Adventure,G,5.8,Gary Halvorson,Vanessa Williams,Kevin Clash,Caroll Spinney
1999,In Dreams,100,Drama,R,5.5,Neil Jordan,Robert Downey Jr.,Aidan Quinn,Paul Guilfoyle
1999,The Omega Code,100,Action,PG-13,3.5,Robert Marcarelli,George Coe,William Hootkins,Ayla Kell
1999,Angela's Ashes,145,Drama,R,7.3,Alan Parker,Emily Watson,Devon Murray,Pauline McLynn
1999,The Deep End of the Ocean,106,Drama,PG-13,6.3,Ulu Grosbard,Alexa PenaVega,Treat Williams,Jonathan Jackson
1999,In Too Deep,95,Crime,R,6.1,Michael Rymer,LL Cool J,Omar Epps,Nia Long
1999,Snow Falling on Cedars,127,Druma,PG-13,6.8,Scott Hicks,Rick Yune,Reeve Carney,Daniel von Bargen
1999,Election,103,Comedy,R,7.3,Alexander Payne,Matthew Broderick,Chris Klein,Molly Hagan
1999,The Corruptor,110,Action,R,6,James Foley,Byron Mann,Paul Ben-Victor,Kim Chan
1999,Muppets from Space,87,Adventure,G,6.2,Tim Hill,Josh Charles,F. Murray Abraham,David Arquette
1999,Bringing Out the Dead,121,Drama,R,6.8,Martin Scorsese,Nicolas Cage,Marc Anthony,Sonja Sohn
1999,Go,102,Comedy,R,7.3,Doug Liman,Sarah Polley,Jay Mohr,Scott Wolf
1999,The Rage: Carrie 2,104,Horror,R,4.6,Katt Shea,Jason London,Rachel Blanchard,Eddie Kaye Thomas
1999,Drive Me Crazy,91,Comedy,PG-13,5.7,John Schultz,Stephen Collins,Mark Webber,Keri Lynn Pratt
1999,Anywhere But Here,114,Comedy,PG-13,6.1,Wayne Wang,Natalie Portman,Eva Amurri Martino,Shawn Hatosy
1999,Summer of Sam,142,Crime,R,6.6,Spike Lee,Mira Sorvino,Jennifer Esposito,Mike Starr
1999,Doug's 1st Movie,77,Animation,G,5,Maurice Joyce,Frank Welker,Constance Shulman,Alice Playten
1999,Stir of Echoes,99,Horror,R,7,David Koepp,Illeana Douglas,Kathryn Erbe,Lusia Strus
1999,At First Sight,128,Drama,PG-13,5.9,Irwin Winkler,Mira Sorvino,Nathan Lane,Steven Weber
1999,Edtv,122,Comedy,PG-13,6.1,Ron Howard,Matthew McConaughey,Adam Goldberg,Clint Howard
1999,Magnolia,188,Drama,R,8,Paul Thomas Anderson,Patton Oswalt,Neil Flynn,Jim Meskimen
1999,Being John Malkovich,112,Comedy,R,7.8,Spike Jonze,Willie Garson,Orson Bean,Mary Kay Place
1999,The Iron Giant,90,Action,PG,8,Brad Bird,Vin Diesel,Harry Connick Jr.,M. Emmet Walsh
1999,Arlington Road,117,Crime,R,7.2,Mark Pellington,Jeff Bridges,Spencer Treat Clark,Hope Davis
1999,The Wood,106,Comedy,R,6.9,Rick Famuyiwa,Omar Epps,Tamala Jones,Richard T. Jones
1999,Blast from the Past,112,Comedy,PG-13,6.6,Hugh Wilson,Brendan Fraser,Sissy Spacek,Douglas Smith
1999,The Story of Us,95,Comedy,R,5.9,Rob Reiner,Bruce Willis,Tim Matheson,Rita Wilson
1999,Baby Geniuses,97,Comedy,PG,2.5,Bob Clark,Kathleen Turner,Dom DeLuise,Ruby Dee
1999,The Out-of-Towners,90,Comedy,PG-13,5.3,Sam Weisman,Oliver Hudson,Valerie Perri,Carlease Burke
1999,"Girl, Interrupted",127,Biography,R,7.3,James Mangold,Angelina Jolie Pitt,Clea DuVall,Vanessa Redgrave
1999,The Insider,157,Biography,R,7.9,Michael Mann,Al Pacino,Rip Torn,Debi Mazar
1999,Mystery Men,121,Action,PG-13,6,Kinka Usher,Janeane Garofalo,Wes Studi,Eddie Izzard
1999,Superstar,81,Comedy,PG-13,5,Bruce McCulloch,Will Ferrell,Elaine Hendrix,Molly Shannon
1999,Dogma,130,Adventure,R,7.4,Kevin Smith,Matt Damon,Janeane Garofalo,George Carlin
1999,Random Hearts,133,Drama,RRR,5.1,Sydney Pollack,Harrison Ford,Kristin Scott Thomas,Bill Cobbs
1999,Lake Placid,82,Action,R,5.6,Steve Miner,Oliver Platt,Bridget Fonda,Ty Olsson
1999,The 13th Warrior,102,Action,R,6.6,John McTiernan,Tony Curran,Vladimir Kulich,Clive Russell
1999,The Best Man,120,Comedy,R,6.7,Malcolm D. Lee,Harold Perrineau,Sanaa Lathan,Jarrod Bunch
1999,Instinct,126,Drama,R,6.5,Jon Turteltaub,Anthony Hopkins,Maura Tierney,John Ashton
1999,For Love of the Game,137,Drama,PG-13,6.5,Sam Raimi,J.K. Simmons,Kelly Preston,Carmine Giovinazzo
1999,My Favorite Martian,94,Comedy,PG,4.9,Donald Petrie,Steven Anthony Lawrence,Ray Walston,Michael Lerner
1999,Fight Club,151,Drama,R,8.8,David Fincher,Brad Pitt,Meat Loaf,Eugenie Bondurant
1999,10 Things I Hate About You,97,Comedy,PG-13,7.2,Gil Junger,Joseph Gordon-Levitt,Heath Ledger,Andrew Keegan
1999,Cruel Intentions,97,Drama,R,6.9,Roger Kumble,Sarah Michelle Gellar,Sean Patrick Thomas,Eric Mabius
1999,Anna and the King,148,Drama,PG-13,6.7,Andy Tennant,Bai Ling,Geoffrey Palmer,Randall Duk Kim
1999,House on Haunted Hill,93,Horror,R,5.6,William Malone,Jeffrey Combs,Peter Gallagher,Bridgette Wilson-Sampras
1999,Stigmata,103,Horror,R,6.2,Rupert Wainwright,Nia Long,Enrico Colantoni,Portia de Rossi
1999,The Hurricane,146,Biography,R,7.6,Norman Jewison,Denzel Washington,Vincent Pastore,Deborah Kara Unger
1999,South Park: Bigger Longer & Uncut,81,Animation,R,7.8,Trey Parker,Minnie Driver,Eric Idle,Trey Parker
1999,Message in a Bottle,131,Drama,PG-13,6.1,Luis Mandoki,Robin Wright,John Savage,Raphael Sbarge
1999,Varsity Blues,106,Comedy,R,6.4,Brian Robbins,Paul Walker,Ron Lester,Mark Walters
1999,Bicentennial Man,132,Comedy,PG,6.8,Chris Columbus,Robin Williams,Oliver Platt,John Michael Higgins
1999,Fantasia 2000,74,Animation,G,7.3,James Algar,Quincy Jones,Penn Jillette,Russi Taylor
1999,Three Kings,114,Action,R,7.1,David O. Russell,Judy Greer,Jamie Kennedy,Mykelti Williamson
1999,She's All That,95,Comedy,PG-13,5.8,Robert Iscove,Paul Walker,Clea DuVall,Kieran Culkin
1999,Deuce Bigalow: Male Gigolo,88,Comedy,R,5.7,Mike Mitchell,Amy Poehler,Eddie Griffin,Bree Turner
1999,Bowfinger,85,Comedy,PG-13,6.4,Frank Oz,Robert Downey Jr.,Adam Alexi-Malle,Jamie Kennedy
-1999,The Bone Collector,118,Crime,,6.7,Phillip Noyce,Denzel Washington,Angelina Jolie Pitt,Leland Orser
1999,End of Days,121,Action,R,5.7,Peter Hyams,CCH Pounder,Mark Margolis,Udo Kier
1999,Blue Streak,93,Action,PG-13,6.3,Les Mayfield,Peter Greene,Dave Chappelle,Tamala Jones
1999,The Thomas Crown Affair,113,Krime,R,6.8,John McTiernan,Mark Margolis,Faye Dunaway,Denis Leary
1999,,102,Adventure,PG,7.3,Dean Parisot,Alan Rickman,Enrico Colantoni,Robin Sachs
1999,Deep Blue Sea,105,Action,R,5.8,Renny Harlin,LL Cool J,Michael Rapaport,Saffron Burrows
1999,Any Given Sunday,156,Drama,R,6.8,Oliver Stone,Al Pacino,Dennis Quaid,LL Cool J
1999,The Talented Mr. Ripley,139,Crime,R,7.3,Anthony Minghella,Philip Seymour Hoffman,Matt Damon,Jack Davenport
1999,Payback,90,Action,R,7.1,Brian Helgeland,Bill Duke,Deborah Kara Unger,William Devane
1999,Entrapment,113,Action,PG-13,6.2,Jon Amiel,Will Patton,Kevin McNally,Maury Chaykin
1999,The Haunting,113,Fantasy,PG-13,4.9,Jan de Bont,Liam Neeson,Lili Taylor,Virginia Madsen
1999,Inspector Gadget,110,Action,PG,4.1,David Kellogg,Matthew Broderick,Rene Auberjonois,Rupert Everett
1999,American Pie,95,Comedy,R,7,Paul Weitz,Alyson Hannigan,Shannon Elizabeth,Natasha Lyonne
1999,The General's Daughter,116,Drama,R,6.3,Simon West,Daniel von Bargen,Timothy Hutton,Clarence Williams III
1999,Analyze This,103,Comedy,R,6.7,Harold Ramis,Robert De Niro,Chazz Palminteri,Molly Shannon
1999,Wild Wild West,106,Action,PG-13,4.8,Barry Sonnenfeld,Will Smith,Salma Hayek,Bai Ling
1999,Double Jeopardy,105,Crime,R,6.4,Bruce Beresford,Bruce Greenwood,Annabeth Gish,Bruce Campbell
1999,American Beauty,122,Drama,R,8.4,Sam Mendes,Kevin Spacey,Peter Gallagher,Ara Celi
1999,The Green Mile,189,Crime,R,8.5,Frank Darabont,Tom Hanks,Jeffrey DeMunn,Michael Jeter
1999,The Blair Witch Project,81,Horror,R,6.4,Daniel Myrick,Heather Donahue,Joshua Leonard,Michael C. Williams
1999,Runaway Bride,116,Comedy,PG,5.5,Garry Marshall,Julia Roberts,Christopher Meloni,Hector Elizondo
1999,Big Daddy,93,Comedy,PG-13,6.4,Dennis Dugan,Steve Buscemi,Adam Sandler,Joey Lauren Adams
1999,The Matrix,136,Action,R,8.7,Lana Wachowski,Keanu Reeves,Marcus Chong,Gloria Foster
1999,Austin Powers: The Spy Who Shagged Me,95,Action,PG-13,6.6,Jay Roach,Muse Watson,Verne Troyer,Robert Wagner
1999,Toy Story 2,82,Adventure,G,7.9,John Lasseter,Tom Hanks,John Ratzenberger,Wayne Knight
1999,The Sixth Sense,107,Drama,PG-13,8.1,M. Night Shyamalan,Bruce Willis,Haley Joel Osment,Olivia Williams
1999,Star Wars: Episode I - The Phantom Menace,136,Action,PG,6.5,George Lucas,Natalie Portman,Liam Neeson,Ian McDiarmid
